retroroossjii,http://www.champ-sys.com.au/media/catalog/product/cache/1/image/800x800/9df78eab33525d08d6e5fb8d27136e95/n/e/newjersey3d.png
retroroossjii,http://www.champ-sys.com.au/media/catalog/product/cache/1/image/800x800/9df78eab33525d08d6e5fb8d27136e95/n/e/newjersey-perffront.png
retroroossjii,http://www.champ-sys.com.au/media/catalog/product/cache/1/image/800x800/9df78eab33525d08d6e5fb8d27136e95/n/e/newjersey-back.png
retroroobsii,http://www.champ-sys.com.au/media/catalog/product/cache/1/image/800x800/9df78eab33525d08d6e5fb8d27136e95/n/e/newbibs-perf.png
retroroobs,http://www.champ-sys.com.au/media/catalog/product/cache/1/image/800x800/9df78eab33525d08d6e5fb8d27136e95/r/e/retroperfbibs.jpg
retroroossj,http://www.champ-sys.com.au/media/catalog/product/cache/1/image/800x800/9df78eab33525d08d6e5fb8d27136e95/c/h/champ-sys_20160122113213.jer006_0002_16_au028876_v92_01_wl_01_1.png
retroroossj,http://www.champ-sys.com.au/media/catalog/product/cache/1/image/800x800/9df78eab33525d08d6e5fb8d27136e95/t/e/techperfjerseyfront_1.jpg
retroroossj,http://www.champ-sys.com.au/media/catalog/product/cache/1/image/800x800/9df78eab33525d08d6e5fb8d27136e95/t/e/techperfjerseyback_1.jpg
retrocap-30711,http://www.champ-sys.com.au/media/catalog/product/cache/1/image/800x800/9df78eab33525d08d6e5fb8d27136e95/n/e/newcap.png
retrocap-30711,http://www.champ-sys.com.au/media/catalog/product/cache/1/image/800x800/9df78eab33525d08d6e5fb8d27136e95/n/e/newcapside.png
retrocap-30711,http://www.champ-sys.com.au/media/catalog/product/cache/1/image/800x800/9df78eab33525d08d6e5fb8d27136e95/n/e/newcapback.png
retrorooeliterazor,http://www.champ-sys.com.au/media/catalog/product/cache/1/image/800x800/9df78eab33525d08d6e5fb8d27136e95/c/h/champ-sys_20160122113213.jer006_0002_16_au028876_v92_01_wl_01.png
retrorooeliterazor,http://www.champ-sys.com.au/media/catalog/product/cache/1/image/800x800/9df78eab33525d08d6e5fb8d27136e95/a/p/apexjerseyfront.jpg
retrorooeliterazor,http://www.champ-sys.com.au/media/catalog/product/cache/1/image/800x800/9df78eab33525d08d6e5fb8d27136e95/a/p/apexjerseyback.jpg
qf-socks-30713,http://www.champ-sys.com.au/media/catalog/product/cache/1/image/800x800/9df78eab33525d08d6e5fb8d27136e95/r/e/retrosubsock.png
retroroobs-30711,http://www.champ-sys.com.au/media/catalog/product/cache/1/image/800x800/9df78eab33525d08d6e5fb8d27136e95/r/e/retroapexbibs.jpg
retroroobs-30712,http://www.champ-sys.com.au/media/catalog/product/cache/1/image/800x800/9df78eab33525d08d6e5fb8d27136e95/n/e/newbibs-apex.png
performanceproqantas-30713,http://www.champ-sys.com.au/media/catalog/product/cache/1/image/800x800/9df78eab33525d08d6e5fb8d27136e95/t/r/trisuit3dfull.jpg
performanceproqantas-30713,http://www.champ-sys.com.au/media/catalog/product/cache/1/image/800x800/9df78eab33525d08d6e5fb8d27136e95/t/r/trisuitfront.jpg
performanceproqantas-30713,http://www.champ-sys.com.au/media/catalog/product/cache/1/image/800x800/9df78eab33525d08d6e5fb8d27136e95/t/r/trisuitback.jpg
retrorooii,http://www.champ-sys.com.au/media/catalog/product/cache/1/image/800x800/9df78eab33525d08d6e5fb8d27136e95/n/e/newjersey3d_1.png
retrorooii,http://www.champ-sys.com.au/media/catalog/product/cache/1/image/800x800/9df78eab33525d08d6e5fb8d27136e95/n/e/newjersey-apexfront.png
retrorooii,http://www.champ-sys.com.au/media/catalog/product/cache/1/image/800x800/9df78eab33525d08d6e5fb8d27136e95/n/e/newjersey-back_1.png
qf-socks-30714,http://www.champ-sys.com.au/media/catalog/product/cache/1/image/800x800/9df78eab33525d08d6e5fb8d27136e95/n/e/newsubsock.png
retrocap,http://www.champ-sys.com.au/media/catalog/product/cache/1/image/800x800/9df78eab33525d08d6e5fb8d27136e95/r/r/rrcap.jpg
retrocap,http://www.champ-sys.com.au/media/catalog/product/cache/1/image/800x800/9df78eab33525d08d6e5fb8d27136e95/w/h/whitecap.jpg
qantas-cycling-jersey-30694,http://www.champ-sys.com.au/media/catalog/product/cache/1/image/800x800/9df78eab33525d08d6e5fb8d27136e95/j/e/jetstarjersey3d.jpg
qantas-cycling-jersey-30694,http://www.champ-sys.com.au/media/catalog/product/cache/1/image/800x800/9df78eab33525d08d6e5fb8d27136e95/j/e/jetstarapexjersey.jpg
qantas-cycling-jersey-30694,http://www.champ-sys.com.au/media/catalog/product/cache/1/image/800x800/9df78eab33525d08d6e5fb8d27136e95/j/e/jetstarjerseyback.jpg
performanceproqantas-30710,http://www.champ-sys.com.au/media/catalog/product/cache/1/image/800x800/9df78eab33525d08d6e5fb8d27136e95/j/e/jetstarperfbibs.jpg
performanceproqantas-30709,http://www.champ-sys.com.au/media/catalog/product/cache/1/image/800x800/9df78eab33525d08d6e5fb8d27136e95/j/e/jetstarapexbibs.jpg
qantas-cycling-jersey-30695,http://www.champ-sys.com.au/media/catalog/product/cache/1/image/800x800/9df78eab33525d08d6e5fb8d27136e95/j/e/jetstarjersey3d_1.jpg
qantas-cycling-jersey-30695,http://www.champ-sys.com.au/media/catalog/product/cache/1/image/800x800/9df78eab33525d08d6e5fb8d27136e95/j/e/jetstarperfjersey.jpg
qantas-cycling-jersey-30695,http://www.champ-sys.com.au/media/catalog/product/cache/1/image/800x800/9df78eab33525d08d6e5fb8d27136e95/j/e/jetstarjerseyback_1.jpg
