UAE Team Emirates Performance Pro Jersey,http://www.champ-sys.com.au/media/catalog/product/cache/1/image/800x800/9df78eab33525d08d6e5fb8d27136e95/u/a/uaejersey2_2.jpg
UAE Team Emirates Performance Pro Jersey,http://www.champ-sys.com.au/media/catalog/product/cache/1/image/800x800/9df78eab33525d08d6e5fb8d27136e95/u/a/uaejersey_2.jpg
UAE Team Emirates Performance Pro Jersey,http://www.champ-sys.com.au/media/catalog/product/cache/1/image/800x800/9df78eab33525d08d6e5fb8d27136e95/1/6/16602025_1164638686966741_3437262349855660760_o_1.jpg
UAE Team Emirates Performance Pro Jersey,http://www.champ-sys.com.au/media/catalog/product/cache/1/image/800x800/9df78eab33525d08d6e5fb8d27136e95/1/6/16825794_1175557615874848_3029892246641586056_o_1.jpg
St George Continental Cycling Team Apex Pro Jersey,http://www.champ-sys.com.au/media/catalog/product/cache/1/image/800x800/9df78eab33525d08d6e5fb8d27136e95/s/g/sgccjerseyfront.png
St George Continental Cycling Team Apex Pro Jersey,http://www.champ-sys.com.au/media/catalog/product/cache/1/image/800x800/9df78eab33525d08d6e5fb8d27136e95/u/n/untitled.png
St George Continental Cycling Team Apex Pro Jersey,http://www.champ-sys.com.au/media/catalog/product/cache/1/image/800x800/9df78eab33525d08d6e5fb8d27136e95/1/6/16300001_1155084674588809_8673794441869062846_o_2.jpg
St George Continental Cycling Team Apex Pro Jersey,http://www.champ-sys.com.au/media/catalog/product/cache/1/image/800x800/9df78eab33525d08d6e5fb8d27136e95/1/5/15202612_1156220791141864_3480201954538924924_n_2.jpg
St George Continental Cycling Team  Performance Pro Jersey,http://www.champ-sys.com.au/media/catalog/product/cache/1/image/800x800/9df78eab33525d08d6e5fb8d27136e95/s/g/sgccjerseyfront_1.png
St George Continental Cycling Team  Performance Pro Jersey,http://www.champ-sys.com.au/media/catalog/product/cache/1/image/800x800/9df78eab33525d08d6e5fb8d27136e95/u/n/untitled_1.png
St George Continental Cycling Team  Performance Pro Jersey,http://www.champ-sys.com.au/media/catalog/product/cache/1/image/800x800/9df78eab33525d08d6e5fb8d27136e95/1/6/16300001_1155084674588809_8673794441869062846_o_1.jpg
St George Continental Cycling Team  Performance Pro Jersey,http://www.champ-sys.com.au/media/catalog/product/cache/1/image/800x800/9df78eab33525d08d6e5fb8d27136e95/1/5/15202612_1156220791141864_3480201954538924924_n_1.jpg
KITERACER Bib Shorts,http://www.champ-sys.com.au/media/catalog/product/cache/1/image/800x800/9df78eab33525d08d6e5fb8d27136e95/k/i/kiteracebsh006_0014_16_au039810_front-01.png
KITERACER Bib Shorts,http://www.champ-sys.com.au/media/catalog/product/cache/1/image/800x800/9df78eab33525d08d6e5fb8d27136e95/k/i/kiteracebsh006_0014_16_au039810_back-01.png
KITERACER Bib Shorts,http://www.champ-sys.com.au/media/catalog/product/cache/1/image/800x800/9df78eab33525d08d6e5fb8d27136e95/d/s/dsc06789_1_1_1.jpg
KITERACER Bib Shorts,http://www.champ-sys.com.au/media/catalog/product/cache/1/image/800x800/9df78eab33525d08d6e5fb8d27136e95/d/s/dsc06787_1_1_1.jpg
KITERACER Bib Shorts,http://www.champ-sys.com.au/media/catalog/product/cache/1/image/800x800/9df78eab33525d08d6e5fb8d27136e95/d/s/dsc06788_1_1_1.jpg
Canada Jersey,http://www.champ-sys.com.au/media/catalog/product/cache/1/image/800x800/9df78eab33525d08d6e5fb8d27136e95/c/a/can-jer007_0035_front-01.png
Canada Jersey,http://www.champ-sys.com.au/media/catalog/product/cache/1/image/800x800/9df78eab33525d08d6e5fb8d27136e95/c/a/can-jer007_0035_back-01.png
UAE Team Emirates Apex Bib Shorts,http://www.champ-sys.com.au/media/catalog/product/cache/1/image/800x800/9df78eab33525d08d6e5fb8d27136e95/u/a/uaebibs2.jpg
UAE Team Emirates Apex Bib Shorts,http://www.champ-sys.com.au/media/catalog/product/cache/1/image/800x800/9df78eab33525d08d6e5fb8d27136e95/u/a/uaebibs.jpg
UAE Team Emirates Apex Bib Shorts,http://www.champ-sys.com.au/media/catalog/product/cache/1/image/800x800/9df78eab33525d08d6e5fb8d27136e95/1/6/16602025_1164638686966741_3437262349855660760_o_3.jpg
UAE Team Emirates Apex Bib Shorts,http://www.champ-sys.com.au/media/catalog/product/cache/1/image/800x800/9df78eab33525d08d6e5fb8d27136e95/1/6/16825794_1175557615874848_3029892246641586056_o_3.jpg
UAE Team Emirates Apex Pro Jersey,http://www.champ-sys.com.au/media/catalog/product/cache/1/image/800x800/9df78eab33525d08d6e5fb8d27136e95/u/a/uaejersey2.jpg
UAE Team Emirates Apex Pro Jersey,http://www.champ-sys.com.au/media/catalog/product/cache/1/image/800x800/9df78eab33525d08d6e5fb8d27136e95/u/a/uaejersey.jpg
UAE Team Emirates Apex Pro Jersey,http://www.champ-sys.com.au/media/catalog/product/cache/1/image/800x800/9df78eab33525d08d6e5fb8d27136e95/1/6/16602025_1164638686966741_3437262349855660760_o_2.jpg
UAE Team Emirates Apex Pro Jersey,http://www.champ-sys.com.au/media/catalog/product/cache/1/image/800x800/9df78eab33525d08d6e5fb8d27136e95/1/6/16825794_1175557615874848_3029892246641586056_o_2.jpg
St George Continental Cycling Team Performance Bib Shorts,http://www.champ-sys.com.au/media/catalog/product/cache/1/image/800x800/9df78eab33525d08d6e5fb8d27136e95/s/t/stgeorgebib_7_front-01.png
St George Continental Cycling Team Performance Bib Shorts,http://www.champ-sys.com.au/media/catalog/product/cache/1/image/800x800/9df78eab33525d08d6e5fb8d27136e95/s/t/stgeorgebib_7_back-01.png
St George Continental Cycling Team Performance Bib Shorts,http://www.champ-sys.com.au/media/catalog/product/cache/1/image/800x800/9df78eab33525d08d6e5fb8d27136e95/1/6/16300001_1155084674588809_8673794441869062846_o_3.jpg
St George Continental Cycling Team Performance Bib Shorts,http://www.champ-sys.com.au/media/catalog/product/cache/1/image/800x800/9df78eab33525d08d6e5fb8d27136e95/1/5/15202612_1156220791141864_3480201954538924924_n_3.jpg
CS PERFORMANCE Bib Short,http://www.champ-sys.com.au/media/catalog/product/cache/1/image/800x800/9df78eab33525d08d6e5fb8d27136e95/c/s/csperfbibsfull.png
CS PERFORMANCE Bib Short,http://www.champ-sys.com.au/media/catalog/product/cache/1/image/800x800/9df78eab33525d08d6e5fb8d27136e95/c/s/csperfbibsback.png
DNA Bib Shorts,http://www.champ-sys.com.au/media/catalog/product/cache/1/image/800x800/9df78eab33525d08d6e5fb8d27136e95/d/n/dnabib_5_front-01.png
DNA Bib Shorts,http://www.champ-sys.com.au/media/catalog/product/cache/1/image/800x800/9df78eab33525d08d6e5fb8d27136e95/d/n/dnabib_5_back-01.png
DNA Bib Shorts,http://www.champ-sys.com.au/media/catalog/product/cache/1/image/800x800/9df78eab33525d08d6e5fb8d27136e95/d/s/dsc06789_1_1.jpg
DNA Bib Shorts,http://www.champ-sys.com.au/media/catalog/product/cache/1/image/800x800/9df78eab33525d08d6e5fb8d27136e95/d/s/dsc06787_1_1.jpg
DNA Bib Shorts,http://www.champ-sys.com.au/media/catalog/product/cache/1/image/800x800/9df78eab33525d08d6e5fb8d27136e95/d/s/dsc06788_1_1.jpg
CS EVOLUTION Bib Shorts,http://www.champ-sys.com.au/media/catalog/product/cache/1/image/800x800/9df78eab33525d08d6e5fb8d27136e95/e/v/evolution-bibshorts-front.jpg
CS EVOLUTION Bib Shorts,http://www.champ-sys.com.au/media/catalog/product/cache/1/image/800x800/9df78eab33525d08d6e5fb8d27136e95/e/v/evolution-bibshorts-back.jpg
CS EVOLUTION Bib Shorts,http://www.champ-sys.com.au/media/catalog/product/cache/1/image/800x800/9df78eab33525d08d6e5fb8d27136e95/e/v/evolution-bibshorts-detail-05.jpg
CS EVOLUTION Bib Shorts,http://www.champ-sys.com.au/media/catalog/product/cache/1/image/800x800/9df78eab33525d08d6e5fb8d27136e95/e/v/evolution-bibshorts-detail-03.jpg
CS EVOLUTION Bib Shorts,http://www.champ-sys.com.au/media/catalog/product/cache/1/image/800x800/9df78eab33525d08d6e5fb8d27136e95/e/v/evolution-bibshorts-detail-04.jpg
CS EVOLUTION Bib Shorts,http://www.champ-sys.com.au/media/catalog/product/cache/1/image/800x800/9df78eab33525d08d6e5fb8d27136e95/e/v/evolution-bibshorts-detail-02.jpg
CS EVOLUTION Bib Shorts,http://www.champ-sys.com.au/media/catalog/product/cache/1/image/800x800/9df78eab33525d08d6e5fb8d27136e95/e/v/evolution-bibshorts-detail-01.jpg
ECLIPSE Bib Shorts,http://www.champ-sys.com.au/media/catalog/product/cache/1/image/800x800/9df78eab33525d08d6e5fb8d27136e95/b/i/bib_3_front-01eclipse_1.png
ECLIPSE Bib Shorts,http://www.champ-sys.com.au/media/catalog/product/cache/1/image/800x800/9df78eab33525d08d6e5fb8d27136e95/b/i/bibeclipse_3_back-01_1.png
DNA Jersey,http://www.champ-sys.com.au/media/catalog/product/cache/1/image/800x800/9df78eab33525d08d6e5fb8d27136e95/d/n/dnajersey_2_front-01.png
DNA Jersey,http://www.champ-sys.com.au/media/catalog/product/cache/1/image/800x800/9df78eab33525d08d6e5fb8d27136e95/d/n/dnajersey_2_back-01.png
DNA Jersey,http://www.champ-sys.com.au/media/catalog/product/cache/1/image/800x800/9df78eab33525d08d6e5fb8d27136e95/d/n/dna-jersey-detail-01.jpg
DNA Jersey,http://www.champ-sys.com.au/media/catalog/product/cache/1/image/800x800/9df78eab33525d08d6e5fb8d27136e95/d/n/dna-jersey-detail-03.jpg
DNA Jersey,http://www.champ-sys.com.au/media/catalog/product/cache/1/image/800x800/9df78eab33525d08d6e5fb8d27136e95/d/n/dna-jersey-detail-02.jpg
DNA Jersey,http://www.champ-sys.com.au/media/catalog/product/cache/1/image/800x800/9df78eab33525d08d6e5fb8d27136e95/d/n/dna-jersey-detail-05.jpg
DNA Jersey,http://www.champ-sys.com.au/media/catalog/product/cache/1/image/800x800/9df78eab33525d08d6e5fb8d27136e95/d/n/dna-jersey-detail-04.jpg
CS EVOLUTION Jersey,http://www.champ-sys.com.au/media/catalog/product/cache/1/image/800x800/9df78eab33525d08d6e5fb8d27136e95/a/p/apex-pro-jersey_front.jpg
CS EVOLUTION Jersey,http://www.champ-sys.com.au/media/catalog/product/cache/1/image/800x800/9df78eab33525d08d6e5fb8d27136e95/a/p/apex-summer-jersey_back.jpg
CS EVOLUTION Jersey,http://www.champ-sys.com.au/media/catalog/product/cache/1/image/800x800/9df78eab33525d08d6e5fb8d27136e95/d/s/dsc06746_1_1_1_1.jpg
CS EVOLUTION Jersey,http://www.champ-sys.com.au/media/catalog/product/cache/1/image/800x800/9df78eab33525d08d6e5fb8d27136e95/d/s/dsc06748_1_1_1_1.jpg
CS EVOLUTION Jersey,http://www.champ-sys.com.au/media/catalog/product/cache/1/image/800x800/9df78eab33525d08d6e5fb8d27136e95/d/s/dsc06777_1_1_1_1.jpg
CS EVOLUTION Jersey,http://www.champ-sys.com.au/media/catalog/product/cache/1/image/800x800/9df78eab33525d08d6e5fb8d27136e95/d/s/dsc06754_1_1_1_1.jpg
COMIC Bib Shorts,http://www.champ-sys.com.au/media/catalog/product/cache/1/image/800x800/9df78eab33525d08d6e5fb8d27136e95/c/o/comicbib_4_front-01.png
COMIC Bib Shorts,http://www.champ-sys.com.au/media/catalog/product/cache/1/image/800x800/9df78eab33525d08d6e5fb8d27136e95/c/o/comicbib_4_back-01.png
COMIC Bib Shorts,http://www.champ-sys.com.au/media/catalog/product/cache/1/image/800x800/9df78eab33525d08d6e5fb8d27136e95/d/s/dsc06789.jpg
COMIC Bib Shorts,http://www.champ-sys.com.au/media/catalog/product/cache/1/image/800x800/9df78eab33525d08d6e5fb8d27136e95/d/s/dsc06787.jpg
COMIC Bib Shorts,http://www.champ-sys.com.au/media/catalog/product/cache/1/image/800x800/9df78eab33525d08d6e5fb8d27136e95/d/s/dsc06788.jpg
KITERACER Jersey,http://www.champ-sys.com.au/media/catalog/product/cache/1/image/800x800/9df78eab33525d08d6e5fb8d27136e95/k/i/kiteracejer006_0027_16_au039810_front-01.png
KITERACER Jersey,http://www.champ-sys.com.au/media/catalog/product/cache/1/image/800x800/9df78eab33525d08d6e5fb8d27136e95/k/i/kiteracerjer006_0027_16_au039810_back-01.png
KITERACER Jersey,http://www.champ-sys.com.au/media/catalog/product/cache/1/image/800x800/9df78eab33525d08d6e5fb8d27136e95/k/i/kiteracer-jersey-detail-01.jpg
KITERACER Jersey,http://www.champ-sys.com.au/media/catalog/product/cache/1/image/800x800/9df78eab33525d08d6e5fb8d27136e95/k/i/kiteracer-jersey-detail-03.jpg
KITERACER Jersey,http://www.champ-sys.com.au/media/catalog/product/cache/1/image/800x800/9df78eab33525d08d6e5fb8d27136e95/k/i/kiteracer-jersey-detail-04.jpg
KITERACER Jersey,http://www.champ-sys.com.au/media/catalog/product/cache/1/image/800x800/9df78eab33525d08d6e5fb8d27136e95/k/i/kiteracer-jersey-detail-05.jpg
KITERACER Jersey,http://www.champ-sys.com.au/media/catalog/product/cache/1/image/800x800/9df78eab33525d08d6e5fb8d27136e95/e/v/evolution-bibshorts-detail-05_2.jpg
KITERACER Jersey,http://www.champ-sys.com.au/media/catalog/product/cache/1/image/800x800/9df78eab33525d08d6e5fb8d27136e95/d/s/dsc06777_1_1_1.jpg
KITERACER Jersey,http://www.champ-sys.com.au/media/catalog/product/cache/1/image/800x800/9df78eab33525d08d6e5fb8d27136e95/e/v/evolution-bibshorts-detail-04_1.jpg
France Jersey,http://www.champ-sys.com.au/media/catalog/product/cache/1/image/800x800/9df78eab33525d08d6e5fb8d27136e95/f/r/fra-jer007_0028_front-01.png
France Jersey,http://www.champ-sys.com.au/media/catalog/product/cache/1/image/800x800/9df78eab33525d08d6e5fb8d27136e95/f/r/fra-jer007_0028_back-01.png
Italy Jersey,http://www.champ-sys.com.au/media/catalog/product/cache/1/image/800x800/9df78eab33525d08d6e5fb8d27136e95/i/t/itl-jer007_0039_front-01.png
Italy Jersey,http://www.champ-sys.com.au/media/catalog/product/cache/1/image/800x800/9df78eab33525d08d6e5fb8d27136e95/i/t/itl-jer007_0039_back-01.png
 CRUZ Bib Shorts,http://www.champ-sys.com.au/media/catalog/product/cache/1/image/800x800/9df78eab33525d08d6e5fb8d27136e95/c/r/cruzbsh006_0021_16_au039810_front-01.png
 CRUZ Bib Shorts,http://www.champ-sys.com.au/media/catalog/product/cache/1/image/800x800/9df78eab33525d08d6e5fb8d27136e95/c/r/cruzbsh006_0021_16_au039810_back-01.png
 CRUZ Bib Shorts,http://www.champ-sys.com.au/media/catalog/product/cache/1/image/800x800/9df78eab33525d08d6e5fb8d27136e95/c/r/cruz-bibshorts-detail-02.jpg
 CRUZ Bib Shorts,http://www.champ-sys.com.au/media/catalog/product/cache/1/image/800x800/9df78eab33525d08d6e5fb8d27136e95/c/r/cruz-bibshorts-detail-01.jpg
 CRUZ Bib Shorts,http://www.champ-sys.com.au/media/catalog/product/cache/1/image/800x800/9df78eab33525d08d6e5fb8d27136e95/e/v/evolution-bibshorts-detail-05_3.jpg
 CRUZ Bib Shorts,http://www.champ-sys.com.au/media/catalog/product/cache/1/image/800x800/9df78eab33525d08d6e5fb8d27136e95/e/v/evolution-bibshorts-detail-04_2.jpg
St George Continental Cycling Team Apex Bib Shorts,http://www.champ-sys.com.au/media/catalog/product/cache/1/image/800x800/9df78eab33525d08d6e5fb8d27136e95/s/t/stgeorgebib_7_front-01_1.png
St George Continental Cycling Team Apex Bib Shorts,http://www.champ-sys.com.au/media/catalog/product/cache/1/image/800x800/9df78eab33525d08d6e5fb8d27136e95/s/t/stgeorgebib_7_back-01_1.png
St George Continental Cycling Team Apex Bib Shorts,http://www.champ-sys.com.au/media/catalog/product/cache/1/image/800x800/9df78eab33525d08d6e5fb8d27136e95/1/6/16300001_1155084674588809_8673794441869062846_o.jpg
St George Continental Cycling Team Apex Bib Shorts,http://www.champ-sys.com.au/media/catalog/product/cache/1/image/800x800/9df78eab33525d08d6e5fb8d27136e95/1/5/15202612_1156220791141864_3480201954538924924_n.jpg
USA Jersey,http://www.champ-sys.com.au/media/catalog/product/cache/1/image/800x800/9df78eab33525d08d6e5fb8d27136e95/u/s/usa-jer007_0040_front-01.png
USA Jersey,http://www.champ-sys.com.au/media/catalog/product/cache/1/image/800x800/9df78eab33525d08d6e5fb8d27136e95/u/s/usa-jer007_0040_back-01.png
ECLIPSE Performance Pro Jersey (Women&apos;s),http://www.champ-sys.com.au/media/catalog/product/cache/1/image/800x800/9df78eab33525d08d6e5fb8d27136e95/w/o/women-apex-eclipse-kit.jpg
ECLIPSE Performance Pro Jersey (Women&apos;s),http://www.champ-sys.com.au/media/catalog/product/cache/1/image/800x800/9df78eab33525d08d6e5fb8d27136e95/w/o/women-apex-eclipse-kit-back.jpg
ECLIPSE Performance Pro Jersey (Women&apos;s),http://www.champ-sys.com.au/media/catalog/product/cache/1/image/800x800/9df78eab33525d08d6e5fb8d27136e95/3/_/3_1_3.jpg
ECLIPSE Performance Pro Jersey (Women&apos;s),http://www.champ-sys.com.au/media/catalog/product/cache/1/image/800x800/9df78eab33525d08d6e5fb8d27136e95/j/e/jersey_5_front-01eclipse_2.png
ECLIPSE Performance Pro Jersey (Women&apos;s),http://www.champ-sys.com.au/media/catalog/product/cache/1/image/800x800/9df78eab33525d08d6e5fb8d27136e95/j/e/jersey_5_back-01eclipse_2.png
England Jersey,http://www.champ-sys.com.au/media/catalog/product/cache/1/image/800x800/9df78eab33525d08d6e5fb8d27136e95/g/b/gba-jer007_0029_front-01.png
England Jersey,http://www.champ-sys.com.au/media/catalog/product/cache/1/image/800x800/9df78eab33525d08d6e5fb8d27136e95/g/b/gba-jer007_0029-back-01.png
UAE Team Emirates Performance Bib Shorts,http://www.champ-sys.com.au/media/catalog/product/cache/1/image/800x800/9df78eab33525d08d6e5fb8d27136e95/u/a/uaebibs2_2.jpg
UAE Team Emirates Performance Bib Shorts,http://www.champ-sys.com.au/media/catalog/product/cache/1/image/800x800/9df78eab33525d08d6e5fb8d27136e95/u/a/uaebibs_2.jpg
UAE Team Emirates Performance Bib Shorts,http://www.champ-sys.com.au/media/catalog/product/cache/1/image/800x800/9df78eab33525d08d6e5fb8d27136e95/1/6/16602025_1164638686966741_3437262349855660760_o.jpg
UAE Team Emirates Performance Bib Shorts,http://www.champ-sys.com.au/media/catalog/product/cache/1/image/800x800/9df78eab33525d08d6e5fb8d27136e95/1/6/16825794_1175557615874848_3029892246641586056_o.jpg
Italy Bib Short,http://www.champ-sys.com.au/media/catalog/product/cache/1/image/800x800/9df78eab33525d08d6e5fb8d27136e95/i/t/itl-bsh009_0013_front-01.png
Italy Bib Short,http://www.champ-sys.com.au/media/catalog/product/cache/1/image/800x800/9df78eab33525d08d6e5fb8d27136e95/i/t/itl-bsh009_0013_back-01.png
SIGNAL Jersey,http://www.champ-sys.com.au/media/catalog/product/cache/1/image/800x800/9df78eab33525d08d6e5fb8d27136e95/s/i/signaljersey_1_front-01_2.png
SIGNAL Jersey,http://www.champ-sys.com.au/media/catalog/product/cache/1/image/800x800/9df78eab33525d08d6e5fb8d27136e95/s/i/signaljersey_1_back-01_2.png
SIGNAL Jersey,http://www.champ-sys.com.au/media/catalog/product/cache/1/image/800x800/9df78eab33525d08d6e5fb8d27136e95/3/_/3_1_2_1.jpg
ECLIPSE Bib Shorts,http://www.champ-sys.com.au/media/catalog/product/cache/1/image/800x800/9df78eab33525d08d6e5fb8d27136e95/b/i/bib_3_front-01eclipse.png
ECLIPSE Bib Shorts,http://www.champ-sys.com.au/media/catalog/product/cache/1/image/800x800/9df78eab33525d08d6e5fb8d27136e95/b/i/bibeclipse_3_back-01.png
Union Jack Jersey,http://www.champ-sys.com.au/media/catalog/product/cache/1/image/800x800/9df78eab33525d08d6e5fb8d27136e95/g/b/gbb-jer007_0031_front-01.png
Union Jack Jersey,http://www.champ-sys.com.au/media/catalog/product/cache/1/image/800x800/9df78eab33525d08d6e5fb8d27136e95/g/b/gbb-_jer007_0031_back-01.png
New Zealand Bib Short,http://www.champ-sys.com.au/media/catalog/product/cache/1/image/800x800/9df78eab33525d08d6e5fb8d27136e95/n/z/nz-bsh009_0009_front-01.png
New Zealand Bib Short,http://www.champ-sys.com.au/media/catalog/product/cache/1/image/800x800/9df78eab33525d08d6e5fb8d27136e95/n/z/nz-bsh009_0009_back-01.png
New Zealand Jersey,http://www.champ-sys.com.au/media/catalog/product/cache/1/image/800x800/9df78eab33525d08d6e5fb8d27136e95/n/z/nza-_jer007_0024_front-01.png
New Zealand Jersey,http://www.champ-sys.com.au/media/catalog/product/cache/1/image/800x800/9df78eab33525d08d6e5fb8d27136e95/n/z/nza-jer007_0024_back-01.png
New Zealand Jersey,http://www.champ-sys.com.au/media/catalog/product/cache/1/image/800x800/9df78eab33525d08d6e5fb8d27136e95/n/z/nzb-jer007_0025_front-01.png
New Zealand Jersey,http://www.champ-sys.com.au/media/catalog/product/cache/1/image/800x800/9df78eab33525d08d6e5fb8d27136e95/n/z/nzb-jer007_0025_back-01.png
LONG SLEEVE CYCLING SKINSUIT,http://www.champ-sys.com.au/media/catalog/product/cache/1/image/800x800/9df78eab33525d08d6e5fb8d27136e95/l/o/long_sleeve_cycling_skinsuit_front-01.jpg
LONG SLEEVE CYCLING SKINSUIT,http://www.champ-sys.com.au/media/catalog/product/cache/1/image/800x800/9df78eab33525d08d6e5fb8d27136e95/l/o/long_sleeve_cycling_skinsuit_back-01.jpg
SHORT SLEEVE CYCLING SPEEDSUIT,http://www.champ-sys.com.au/media/catalog/product/cache/1/image/800x800/9df78eab33525d08d6e5fb8d27136e95/s/h/short_sleeve_speedsuit_back-01_1.jpg
SHORT SLEEVE CYCLING SPEEDSUIT,http://www.champ-sys.com.au/media/catalog/product/cache/1/image/800x800/9df78eab33525d08d6e5fb8d27136e95/s/h/short_sleeve_speedsuit_front-01_1.jpg
AUS - Squares Apex Race Suit,http://www.champ-sys.com.au/media/catalog/product/cache/1/image/800x800/9df78eab33525d08d6e5fb8d27136e95/w/h/white_squares_race_suit-front.png
AUS - Squares Apex Race Suit,http://www.champ-sys.com.au/media/catalog/product/cache/1/image/800x800/9df78eab33525d08d6e5fb8d27136e95/b/l/black-squares-suit.png
AUS - Squares Apex Race Suit,http://www.champ-sys.com.au/media/catalog/product/cache/1/image/800x800/9df78eab33525d08d6e5fb8d27136e95/w/h/white_squares_race_suit-back.png
AUS - Squares Apex Race Suit,http://www.champ-sys.com.au/media/catalog/product/cache/1/image/800x800/9df78eab33525d08d6e5fb8d27136e95/b/l/black-squares-suit-back.png
APEX LINK TRI TOP,http://www.champ-sys.com.au/media/catalog/product/cache/1/image/800x800/9df78eab33525d08d6e5fb8d27136e95/p/l/plain_cs_kit_apex_perfomance_link_tri_top_f.jpg
AUS - Stripes Speedsuit,http://www.champ-sys.com.au/media/catalog/product/cache/1/image/800x800/9df78eab33525d08d6e5fb8d27136e95/b/l/black2_race_suit_3.png
APEX LINK TRI SUIT,http://www.champ-sys.com.au/media/catalog/product/cache/1/image/800x800/9df78eab33525d08d6e5fb8d27136e95/p/l/plain_cs_kit_cs_apex_link_tri_suit_mlk081_v1.1-02.jpg
APEX LINK TRI SUIT,http://www.champ-sys.com.au/media/catalog/product/cache/1/image/800x800/9df78eab33525d08d6e5fb8d27136e95/p/l/plain_cs_kit_cs_apex_link_tri_suit_mlk081_v1.1-03.jpg
PERFORMANCE LINK TRI SUIT,http://www.champ-sys.com.au/media/catalog/product/cache/1/image/800x800/9df78eab33525d08d6e5fb8d27136e95/p/l/plain_cs_kit_cs_performance_link_tri_suit_mlk083_v1.1_back.jpg
PERFORMANCE LINK TRI SUIT,http://www.champ-sys.com.au/media/catalog/product/cache/1/image/800x800/9df78eab33525d08d6e5fb8d27136e95/p/l/plain_cs_kit_cs_performance_link_tri_suit_mlk083_v1.1_front.jpg
MINT Bib Shorts,http://www.champ-sys.com.au/media/catalog/product/cache/1/image/800x800/9df78eab33525d08d6e5fb8d27136e95/m/i/mint_performance_bibs_1.png
MINT Bib Shorts,http://www.champ-sys.com.au/media/catalog/product/cache/1/image/800x800/9df78eab33525d08d6e5fb8d27136e95/m/i/mint_performance_bibs.png
PERFORMANCE BLADE TRI TOP,http://www.champ-sys.com.au/media/catalog/product/cache/1/image/800x800/9df78eab33525d08d6e5fb8d27136e95/p/l/plain_cs_kit_apex_perfomance_blade_tri_top_f.jpg
APEX BLADE TRI SHORT,http://www.champ-sys.com.au/media/catalog/product/cache/1/image/800x800/9df78eab33525d08d6e5fb8d27136e95/p/l/plain_cs_kit_performance_blade_tri_short_f_1_1.jpg
AUS - Stripes Apex Race Suit,http://www.champ-sys.com.au/media/catalog/product/cache/1/image/800x800/9df78eab33525d08d6e5fb8d27136e95/b/l/black-stripes-suit-front.png
AUS - Stripes Apex Race Suit,http://www.champ-sys.com.au/media/catalog/product/cache/1/image/800x800/9df78eab33525d08d6e5fb8d27136e95/b/l/black-stripes-suit-back.png
SIGNAL Jersey,http://www.champ-sys.com.au/media/catalog/product/cache/1/image/800x800/9df78eab33525d08d6e5fb8d27136e95/s/i/signaljersey_1_front-01.png
SIGNAL Jersey,http://www.champ-sys.com.au/media/catalog/product/cache/1/image/800x800/9df78eab33525d08d6e5fb8d27136e95/s/i/signaljersey_1_back-01.png
SIGNAL Jersey,http://www.champ-sys.com.au/media/catalog/product/cache/1/image/800x800/9df78eab33525d08d6e5fb8d27136e95/3/_/3_1.jpg
SHORT SLEEVE CYCLING SKINSUIT,http://www.champ-sys.com.au/media/catalog/product/cache/1/image/800x800/9df78eab33525d08d6e5fb8d27136e95/s/h/short_sleeve_cycling_skinsuit_back-01.jpg
SHORT SLEEVE CYCLING SKINSUIT,http://www.champ-sys.com.au/media/catalog/product/cache/1/image/800x800/9df78eab33525d08d6e5fb8d27136e95/s/h/short_sleeve_cycling_skinsuit_front-01.jpg
ELITE WOMENS SPECIFIC TRI SUIT (RACER BACK),http://www.champ-sys.com.au/media/catalog/product/cache/1/image/800x800/9df78eab33525d08d6e5fb8d27136e95/p/l/plain_cs_kit_cs_elite_womens_specific_wlk084_v1.1_front.jpg
ELITE WOMENS SPECIFIC TRI SUIT (RACER BACK),http://www.champ-sys.com.au/media/catalog/product/cache/1/image/800x800/9df78eab33525d08d6e5fb8d27136e95/p/l/plain_cs_kit_cs_elite_womens_specific_wlk084_v1.1_back.jpg
APEX BLADE TRI SUIT,http://www.champ-sys.com.au/media/catalog/product/cache/1/image/800x800/9df78eab33525d08d6e5fb8d27136e95/p/l/plain_cs_kit_cs_apex_link_tri_suit_mlk081_v1.1-03_1.jpg
APEX BLADE TRI SUIT,http://www.champ-sys.com.au/media/catalog/product/cache/1/image/800x800/9df78eab33525d08d6e5fb8d27136e95/p/l/plain_cs_kit_cs_apex_link_tri_suit_mlk081_v1.1-02_1.jpg
SIGNAL Bib Shorts,http://www.champ-sys.com.au/media/catalog/product/cache/1/image/800x800/9df78eab33525d08d6e5fb8d27136e95/s/i/signalbib_1_front-01_1.png
SIGNAL Bib Shorts,http://www.champ-sys.com.au/media/catalog/product/cache/1/image/800x800/9df78eab33525d08d6e5fb8d27136e95/s/i/signalbib_1_back-01_1.png
ECLIPSE Apex Pro Jersey (Women&apos;s),http://www.champ-sys.com.au/media/catalog/product/cache/1/image/800x800/9df78eab33525d08d6e5fb8d27136e95/w/o/women-apex-eclipse-kit_1.jpg
ECLIPSE Apex Pro Jersey (Women&apos;s),http://www.champ-sys.com.au/media/catalog/product/cache/1/image/800x800/9df78eab33525d08d6e5fb8d27136e95/w/o/women-apex-eclipse-kit-back_1.jpg
ECLIPSE Apex Pro Jersey (Women&apos;s),http://www.champ-sys.com.au/media/catalog/product/cache/1/image/800x800/9df78eab33525d08d6e5fb8d27136e95/w/o/women-apex-eclipse-kit_detail-04_1.jpg
ECLIPSE Apex Pro Jersey (Women&apos;s),http://www.champ-sys.com.au/media/catalog/product/cache/1/image/800x800/9df78eab33525d08d6e5fb8d27136e95/w/o/women-apex-eclipse-kit_detail-01_1.jpg
ECLIPSE Apex Pro Jersey (Women&apos;s),http://www.champ-sys.com.au/media/catalog/product/cache/1/image/800x800/9df78eab33525d08d6e5fb8d27136e95/w/o/women-apex-eclipse-kit_detail-03_1.jpg
ECLIPSE Apex Pro Jersey (Women&apos;s),http://www.champ-sys.com.au/media/catalog/product/cache/1/image/800x800/9df78eab33525d08d6e5fb8d27136e95/w/o/women-apex-eclipse-kit_detail-02_1.jpg
ECLIPSE Apex Pro Jersey (Women&apos;s),http://www.champ-sys.com.au/media/catalog/product/cache/1/image/800x800/9df78eab33525d08d6e5fb8d27136e95/3/_/3_1_2.jpg
ECLIPSE Apex Pro Jersey (Women&apos;s),http://www.champ-sys.com.au/media/catalog/product/cache/1/image/800x800/9df78eab33525d08d6e5fb8d27136e95/j/e/jersey_5_front-01eclipse.png
ECLIPSE Apex Pro Jersey (Women&apos;s),http://www.champ-sys.com.au/media/catalog/product/cache/1/image/800x800/9df78eab33525d08d6e5fb8d27136e95/j/e/jersey_5_back-01eclipse.png
APEX BLADE TRI TOP,http://www.champ-sys.com.au/media/catalog/product/cache/1/image/800x800/9df78eab33525d08d6e5fb8d27136e95/p/l/plain_cs_kit_apex_perfomance_blade_tri_top_b.jpg
APEX BLADE TRI TOP,http://www.champ-sys.com.au/media/catalog/product/cache/1/image/800x800/9df78eab33525d08d6e5fb8d27136e95/p/l/plain_cs_kit_apex_perfomance_blade_tri_top_f_1.jpg
MINT Jersey,http://www.champ-sys.com.au/media/catalog/product/cache/1/image/800x800/9df78eab33525d08d6e5fb8d27136e95/m/i/mintjersey_3_front-01.png
MINT Jersey,http://www.champ-sys.com.au/media/catalog/product/cache/1/image/800x800/9df78eab33525d08d6e5fb8d27136e95/j/m/jmintersey_3_back-01.png
MINT Jersey,http://www.champ-sys.com.au/media/catalog/product/cache/1/image/800x800/9df78eab33525d08d6e5fb8d27136e95/3/_/3.jpg
ELITE TRI SUIT,http://www.champ-sys.com.au/media/catalog/product/cache/1/image/800x800/9df78eab33525d08d6e5fb8d27136e95/p/l/plain_cs_kit_cs_elite_tri_suit_mlk075_v1.1_front.jpg
ELITE TRI SUIT,http://www.champ-sys.com.au/media/catalog/product/cache/1/image/800x800/9df78eab33525d08d6e5fb8d27136e95/p/l/plain_cs_kit_cs_elite_tri_suit_mlk075_v1.1_back.jpg
PERFORMANCE BLADE TRI SHORTS,http://www.champ-sys.com.au/media/catalog/product/cache/1/image/800x800/9df78eab33525d08d6e5fb8d27136e95/p/l/plain_cs_kit_performance_blade_tri_short_f_1.jpg
LONG SLEEVE CYCLING SPEEDSUIT,http://www.champ-sys.com.au/media/catalog/product/cache/1/image/800x800/9df78eab33525d08d6e5fb8d27136e95/l/o/long_sleeve_speedsuit_back-01.jpg
LONG SLEEVE CYCLING SPEEDSUIT,http://www.champ-sys.com.au/media/catalog/product/cache/1/image/800x800/9df78eab33525d08d6e5fb8d27136e95/l/o/long_sleeve_speedsuit_front-01.jpg
NEWCOOL Jersey,http://www.champ-sys.com.au/media/catalog/product/cache/1/image/800x800/9df78eab33525d08d6e5fb8d27136e95/n/e/newcooljersey_7_front-01.png
NEWCOOL Jersey,http://www.champ-sys.com.au/media/catalog/product/cache/1/image/800x800/9df78eab33525d08d6e5fb8d27136e95/n/e/newcooljersey_7_back-01.png
NEWCOOL Jersey,http://www.champ-sys.com.au/media/catalog/product/cache/1/image/800x800/9df78eab33525d08d6e5fb8d27136e95/n/e/newcool-jersey-detail-04.jpg
NEWCOOL Jersey,http://www.champ-sys.com.au/media/catalog/product/cache/1/image/800x800/9df78eab33525d08d6e5fb8d27136e95/n/e/newcool-jersey-detail-01.jpg
NEWCOOL Jersey,http://www.champ-sys.com.au/media/catalog/product/cache/1/image/800x800/9df78eab33525d08d6e5fb8d27136e95/n/e/newcool-jersey-detail-03.jpg
NEWCOOL Jersey,http://www.champ-sys.com.au/media/catalog/product/cache/1/image/800x800/9df78eab33525d08d6e5fb8d27136e95/n/e/newcool-jersey-detail-02.jpg
NEWCOOL Jersey,http://www.champ-sys.com.au/media/catalog/product/cache/1/image/800x800/9df78eab33525d08d6e5fb8d27136e95/n/e/newcool-jersey-detail-05.jpg
PERFORMANCE CLASSIC TRI SUIT,http://www.champ-sys.com.au/media/catalog/product/cache/1/image/800x800/9df78eab33525d08d6e5fb8d27136e95/p/l/plain_cs_kit_cs_performance_classic_triathlon_suit_mlk061_v1.1_performance_classic_tri_suit_b.jpg
PERFORMANCE CLASSIC TRI SUIT,http://www.champ-sys.com.au/media/catalog/product/cache/1/image/800x800/9df78eab33525d08d6e5fb8d27136e95/p/l/plain_cs_kit_cs_performance_classic_triathlon_suit_mlk061_v1.1_performance_classic_tri_suit_f.jpg
COMIC Jersey,http://www.champ-sys.com.au/media/catalog/product/cache/1/image/800x800/9df78eab33525d08d6e5fb8d27136e95/c/o/comicjersey_4_front-01.png
COMIC Jersey,http://www.champ-sys.com.au/media/catalog/product/cache/1/image/800x800/9df78eab33525d08d6e5fb8d27136e95/c/o/comicjersey_4_back-01.png
COMIC Jersey,http://www.champ-sys.com.au/media/catalog/product/cache/1/image/800x800/9df78eab33525d08d6e5fb8d27136e95/c/o/comic-jersey-detail-04.jpg
COMIC Jersey,http://www.champ-sys.com.au/media/catalog/product/cache/1/image/800x800/9df78eab33525d08d6e5fb8d27136e95/c/o/comic-jersey-detail-03.jpg
COMIC Jersey,http://www.champ-sys.com.au/media/catalog/product/cache/1/image/800x800/9df78eab33525d08d6e5fb8d27136e95/c/o/comic-jersey-detail-02.jpg
COMIC Jersey,http://www.champ-sys.com.au/media/catalog/product/cache/1/image/800x800/9df78eab33525d08d6e5fb8d27136e95/d/s/dsc06777.jpg
NEWCOOL Bib Shorts,http://www.champ-sys.com.au/media/catalog/product/cache/1/image/800x800/9df78eab33525d08d6e5fb8d27136e95/n/e/newcool_performance_bibs.png
NEWCOOL Bib Shorts,http://www.champ-sys.com.au/media/catalog/product/cache/1/image/800x800/9df78eab33525d08d6e5fb8d27136e95/n/e/newcool-knicks-detail-01.jpg
NEWCOOL Bib Shorts,http://www.champ-sys.com.au/media/catalog/product/cache/1/image/800x800/9df78eab33525d08d6e5fb8d27136e95/n/e/newcool-knicks-detail-02.jpg
NEWCOOL Bib Shorts,http://www.champ-sys.com.au/media/catalog/product/cache/1/image/800x800/9df78eab33525d08d6e5fb8d27136e95/n/e/newcool-knicks-detail-05.jpg
NEWCOOL Bib Shorts,http://www.champ-sys.com.au/media/catalog/product/cache/1/image/800x800/9df78eab33525d08d6e5fb8d27136e95/n/e/newcool-knicks-detail-04.jpg
NEWCOOL Bib Shorts,http://www.champ-sys.com.au/media/catalog/product/cache/1/image/800x800/9df78eab33525d08d6e5fb8d27136e95/n/e/newcool-knicks-detail-03.jpg
PERFORMANCE BLADE TRI SUIT,http://www.champ-sys.com.au/media/catalog/product/cache/1/image/800x800/9df78eab33525d08d6e5fb8d27136e95/p/l/plain_cs_kit_cs_performance_link_tri_suit_mlk083_v1.1_back_1.jpg
PERFORMANCE BLADE TRI SUIT,http://www.champ-sys.com.au/media/catalog/product/cache/1/image/800x800/9df78eab33525d08d6e5fb8d27136e95/p/l/plain_cs_kit_cs_performance_link_tri_suit_mlk083_v1.1_front_1.jpg
SIGNAL Bib Shorts,http://www.champ-sys.com.au/media/catalog/product/cache/1/image/800x800/9df78eab33525d08d6e5fb8d27136e95/s/i/signalbib_1_front-01.png
SIGNAL Bib Shorts,http://www.champ-sys.com.au/media/catalog/product/cache/1/image/800x800/9df78eab33525d08d6e5fb8d27136e95/s/i/signalbib_1_back-01.png
APEX LINK TRI SHORT,http://www.champ-sys.com.au/media/catalog/product/cache/1/image/800x800/9df78eab33525d08d6e5fb8d27136e95/p/l/plain_cs_kit_performance_link_tri_short_f_1.jpg
CRUZ Jersey,http://www.champ-sys.com.au/media/catalog/product/cache/1/image/800x800/9df78eab33525d08d6e5fb8d27136e95/c/r/cruzjer006_0035_16_au039810_front-01.png
CRUZ Jersey,http://www.champ-sys.com.au/media/catalog/product/cache/1/image/800x800/9df78eab33525d08d6e5fb8d27136e95/c/r/cruzjer006_0035_16_au039810_back-01.png
CRUZ Jersey,http://www.champ-sys.com.au/media/catalog/product/cache/1/image/800x800/9df78eab33525d08d6e5fb8d27136e95/c/r/cruz-jersey-detail-02.jpg
CRUZ Jersey,http://www.champ-sys.com.au/media/catalog/product/cache/1/image/800x800/9df78eab33525d08d6e5fb8d27136e95/c/r/cruz-jersey-detail-03.jpg
CRUZ Jersey,http://www.champ-sys.com.au/media/catalog/product/cache/1/image/800x800/9df78eab33525d08d6e5fb8d27136e95/c/r/cruz-jersey-detail-01.jpg
CRUZ Jersey,http://www.champ-sys.com.au/media/catalog/product/cache/1/image/800x800/9df78eab33525d08d6e5fb8d27136e95/c/r/cruz-jersey-detail-04.jpg
Intermediate Gloves,http://www.champ-sys.com.au/media/catalog/product/cache/1/image/800x800/9df78eab33525d08d6e5fb8d27136e95/c/s/cs-intermediate-winter-gloves.jpg
Performance Link Tri Top,http://www.champ-sys.com.au/media/catalog/product/cache/1/image/800x800/9df78eab33525d08d6e5fb8d27136e95/p/l/plain_cs_kit_apex_perfomance_link_tri_top_b.jpg
Performance Link Tri Top,http://www.champ-sys.com.au/media/catalog/product/cache/1/image/800x800/9df78eab33525d08d6e5fb8d27136e95/p/l/plain_cs_kit_apex_perfomance_link_tri_top_f_1.jpg
AUS - Stripes Bib Short,http://www.champ-sys.com.au/media/catalog/product/cache/1/image/800x800/9df78eab33525d08d6e5fb8d27136e95/a/u/aus-stripes-bsh009_0007_front-01.png
AUS - Stripes Bib Short,http://www.champ-sys.com.au/media/catalog/product/cache/1/image/800x800/9df78eab33525d08d6e5fb8d27136e95/a/u/aus-stripes-bsh009_0007_back-01.png
AUS - Stripes Jersey,http://www.champ-sys.com.au/media/catalog/product/cache/1/image/800x800/9df78eab33525d08d6e5fb8d27136e95/a/u/aus-stripes-white-jer007_0021_front-01.png
AUS - Stripes Jersey,http://www.champ-sys.com.au/media/catalog/product/cache/1/image/800x800/9df78eab33525d08d6e5fb8d27136e95/a/u/aus-stripes-white-jer007_0021_back-01.png
AUS - Stripes Jersey,http://www.champ-sys.com.au/media/catalog/product/cache/1/image/800x800/9df78eab33525d08d6e5fb8d27136e95/a/u/aus-stripes-jer007_0020_front-01.png
AUS - Stripes Jersey,http://www.champ-sys.com.au/media/catalog/product/cache/1/image/800x800/9df78eab33525d08d6e5fb8d27136e95/a/u/aus-stripes-jer007_0020_back-01.png
AUS - Squares Bib Short,http://www.champ-sys.com.au/media/catalog/product/cache/1/image/800x800/9df78eab33525d08d6e5fb8d27136e95/a/u/aus-squares-bsh009_0008_front-01.png
AUS - Squares Bib Short,http://www.champ-sys.com.au/media/catalog/product/cache/1/image/800x800/9df78eab33525d08d6e5fb8d27136e95/a/u/aus-squares-bsh009_0008_back-01.png
AUS - Squares Jersey,http://www.champ-sys.com.au/media/catalog/product/cache/1/image/800x800/9df78eab33525d08d6e5fb8d27136e95/a/u/aus-squares-white-jer007_0022_front-01.png
AUS - Squares Jersey,http://www.champ-sys.com.au/media/catalog/product/cache/1/image/800x800/9df78eab33525d08d6e5fb8d27136e95/a/u/aus-squares-_white_jer007_0022_back-01.png
AUS - Squares Jersey,http://www.champ-sys.com.au/media/catalog/product/cache/1/image/800x800/9df78eab33525d08d6e5fb8d27136e95/a/u/aus-squares-black0-jer007_0023_front-01.png
AUS - Squares Jersey,http://www.champ-sys.com.au/media/catalog/product/cache/1/image/800x800/9df78eab33525d08d6e5fb8d27136e95/a/u/aus-squares-black-jer007_0023_back-01.png
