custom-women-s-specific-performance-run-top,http://www.champ-sys.com.au/media/catalog/product/cache/1/image/800x800/9df78eab33525d08d6e5fb8d27136e95/f/i/file_57_98.jpg
donna-forte-run-tight,http://www.champ-sys.com.au/media/catalog/product/cache/1/image/800x800/9df78eab33525d08d6e5fb8d27136e95/s/s/ss-0053-14_v1_women_donna_forte_run_tight_.jpg
donna-forte-run-tight,http://www.champ-sys.com.au/media/catalog/product/cache/1/image/800x800/9df78eab33525d08d6e5fb8d27136e95/s/s/ss-0053-14_v1_women_donna_forte_run_tight__1.jpg
custom-apex-women-s-run-top-v-neck-design,http://www.champ-sys.com.au/media/catalog/product/cache/1/image/800x800/9df78eab33525d08d6e5fb8d27136e95/f/i/file_54_22.jpg
custom-apex-women-s-run-top-v-neck-design,http://www.champ-sys.com.au/media/catalog/product/cache/1/image/800x800/9df78eab33525d08d6e5fb8d27136e95/f/i/file_50_147.jpg
donna-forte-run-short,http://www.champ-sys.com.au/media/catalog/product/cache/1/image/800x800/9df78eab33525d08d6e5fb8d27136e95/b/e/bella-run-short-back.jpg
donna-forte-run-short,http://www.champ-sys.com.au/media/catalog/product/cache/1/image/800x800/9df78eab33525d08d6e5fb8d27136e95/b/e/bella-run-short-front.jpg
donna-forte-capri-pant,http://www.champ-sys.com.au/media/catalog/product/cache/1/image/800x800/9df78eab33525d08d6e5fb8d27136e95/s/s/ss-0055-14_v1_women_donna_forte_run_capri.jpg
donna-forte-capri-pant,http://www.champ-sys.com.au/media/catalog/product/cache/1/image/800x800/9df78eab33525d08d6e5fb8d27136e95/s/s/ss-0055-14_v1_women_donna_forte_run_capri_1.jpg
bella-racerback-singlet,http://www.champ-sys.com.au/media/catalog/product/cache/1/image/800x800/9df78eab33525d08d6e5fb8d27136e95/b/e/bella_racerback_singlet_front_.jpg
bella-racerback-singlet,http://www.champ-sys.com.au/media/catalog/product/cache/1/image/800x800/9df78eab33525d08d6e5fb8d27136e95/b/e/bella_racerback_singlet_racer_back_.jpg
bella-racerback-singlet,http://www.champ-sys.com.au/media/catalog/product/cache/1/image/800x800/9df78eab33525d08d6e5fb8d27136e95/b/e/bella_racerback_singlet_back_.jpg
donna-forte-compact-short,http://www.champ-sys.com.au/media/catalog/product/cache/1/image/800x800/9df78eab33525d08d6e5fb8d27136e95/d/o/donna_forte_compact_tight_long_back.jpg
donna-forte-compact-short,http://www.champ-sys.com.au/media/catalog/product/cache/1/image/800x800/9df78eab33525d08d6e5fb8d27136e95/d/o/donna_forte_compact_tight_front.jpg
