winter-training-hat,http://www.champ-sys.com.au/media/catalog/product/cache/1/image/800x800/9df78eab33525d08d6e5fb8d27136e95/f/i/file_57.jpg
performance-seamless-warmer,http://www.champ-sys.com.au/media/catalog/product/cache/1/image/800x800/9df78eab33525d08d6e5fb8d27136e95/p/e/performance_seamless_warmer_01.jpg
performance-seamless-warmer,http://www.champ-sys.com.au/media/catalog/product/cache/1/image/800x800/9df78eab33525d08d6e5fb8d27136e95/p/e/performance_seamless_warmer_0315.jpg
performance-socks,http://www.champ-sys.com.au/media/catalog/product/cache/1/image/800x800/9df78eab33525d08d6e5fb8d27136e95/f/i/file_55.jpg
performance-socks,http://www.champ-sys.com.au/media/catalog/product/cache/1/image/800x800/9df78eab33525d08d6e5fb8d27136e95/f/i/file_46_5.jpg
performance-socks,http://www.champ-sys.com.au/media/catalog/product/cache/1/image/800x800/9df78eab33525d08d6e5fb8d27136e95/f/i/file_47_1.jpg
visor,http://www.champ-sys.com.au/media/catalog/product/cache/1/image/800x800/9df78eab33525d08d6e5fb8d27136e95/v/i/visor_18.jpg
visor,http://www.champ-sys.com.au/media/catalog/product/cache/1/image/800x800/9df78eab33525d08d6e5fb8d27136e95/v/i/visor_7.jpg
arm-warmer-fleece,http://www.champ-sys.com.au/media/catalog/product/cache/1/image/800x800/9df78eab33525d08d6e5fb8d27136e95/s/s/ss-0084-14_v1_arm_warmer_with_new_gripper_.jpg
arm-warmer-fleece,http://www.champ-sys.com.au/media/catalog/product/cache/1/image/800x800/9df78eab33525d08d6e5fb8d27136e95/a/r/arm-warmer-fleece.jpg
arm-warmer-fleece,http://www.champ-sys.com.au/media/catalog/product/cache/1/image/800x800/9df78eab33525d08d6e5fb8d27136e95/2/_/2_1_4.jpg
arm-warmer-fleece,http://www.champ-sys.com.au/media/catalog/product/cache/1/image/800x800/9df78eab33525d08d6e5fb8d27136e95/1/_/1_1_3.jpg
fleece-headband,http://www.champ-sys.com.au/media/catalog/product/cache/1/image/800x800/9df78eab33525d08d6e5fb8d27136e95/f/i/file_46_110.jpg
fleece-headband,http://www.champ-sys.com.au/media/catalog/product/cache/1/image/800x800/9df78eab33525d08d6e5fb8d27136e95/f/i/file_16_10_2.jpg
transformer-cap,http://www.champ-sys.com.au/media/catalog/product/cache/1/image/800x800/9df78eab33525d08d6e5fb8d27136e95/f/o/folded_white.jpg
transformer-cap,http://www.champ-sys.com.au/media/catalog/product/cache/1/image/800x800/9df78eab33525d08d6e5fb8d27136e95/f/o/folded.jpg
baseball-cap,http://www.champ-sys.com.au/media/catalog/product/cache/1/image/800x800/9df78eab33525d08d6e5fb8d27136e95/f/i/file_7_1.jpg
baseball-cap,http://www.champ-sys.com.au/media/catalog/product/cache/1/image/800x800/9df78eab33525d08d6e5fb8d27136e95/f/i/file_6_9.jpg
baseball-cap,http://www.champ-sys.com.au/media/catalog/product/cache/1/image/800x800/9df78eab33525d08d6e5fb8d27136e95/f/i/file_9_1.jpg
skull-cap,http://www.champ-sys.com.au/media/catalog/product/cache/1/image/800x800/9df78eab33525d08d6e5fb8d27136e95/f/i/file_16_11.jpg
skull-cap,http://www.champ-sys.com.au/media/catalog/product/cache/1/image/800x800/9df78eab33525d08d6e5fb8d27136e95/f/i/file_16_10_1.jpg
