performance-zip-turtleneck,http://www.champ-sys.com.au/media/catalog/product/cache/1/image/800x800/9df78eab33525d08d6e5fb8d27136e95/p/e/performance_winter_lite_zip_mock_turtlneck_-_front.jpg
performance-zip-turtleneck,http://www.champ-sys.com.au/media/catalog/product/cache/1/image/800x800/9df78eab33525d08d6e5fb8d27136e95/p/e/performance_winter_lite_zip_mock_turtlneck_-_back.jpg
performance-ls-run-top,http://www.champ-sys.com.au/media/catalog/product/cache/1/image/800x800/9df78eab33525d08d6e5fb8d27136e95/f/i/file_50_140_1.jpg
apexweatherlitejacket,http://www.champ-sys.com.au/media/catalog/product/cache/1/image/800x800/9df78eab33525d08d6e5fb8d27136e95/s/s/ss-0046-14_v2_apex_weather_lite_jacket_.jpg
apexweatherlitejacket,http://www.champ-sys.com.au/media/catalog/product/cache/1/image/800x800/9df78eab33525d08d6e5fb8d27136e95/s/s/ss-0046-14_v2_apex_weather_lite_jacket.jpg
apex-run-singlet,http://www.champ-sys.com.au/media/catalog/product/cache/1/image/800x800/9df78eab33525d08d6e5fb8d27136e95/f/i/file_50_148.jpg
thermal-sleeveless-base-layer,http://www.champ-sys.com.au/media/catalog/product/cache/1/image/800x800/9df78eab33525d08d6e5fb8d27136e95/b/a/base-tank.jpg
bella-racerback-singlet,http://www.champ-sys.com.au/media/catalog/product/cache/1/image/800x800/9df78eab33525d08d6e5fb8d27136e95/b/e/bella_racerback_singlet_front_.jpg
bella-racerback-singlet,http://www.champ-sys.com.au/media/catalog/product/cache/1/image/800x800/9df78eab33525d08d6e5fb8d27136e95/b/e/bella_racerback_singlet_racer_back_.jpg
bella-racerback-singlet,http://www.champ-sys.com.au/media/catalog/product/cache/1/image/800x800/9df78eab33525d08d6e5fb8d27136e95/b/e/bella_racerback_singlet_back_.jpg
apex-windguard-run-jacket,http://www.champ-sys.com.au/media/catalog/product/cache/1/image/800x800/9df78eab33525d08d6e5fb8d27136e95/f/i/file_58_84.jpg
apex-windguard-run-jacket,http://www.champ-sys.com.au/media/catalog/product/cache/1/image/800x800/9df78eab33525d08d6e5fb8d27136e95/f/i/file_60_12.jpg
custom-apex-women-s-run-top-v-neck-design,http://www.champ-sys.com.au/media/catalog/product/cache/1/image/800x800/9df78eab33525d08d6e5fb8d27136e95/f/i/file_54_22.jpg
custom-apex-women-s-run-top-v-neck-design,http://www.champ-sys.com.au/media/catalog/product/cache/1/image/800x800/9df78eab33525d08d6e5fb8d27136e95/f/i/file_50_147.jpg
custom-women-s-specific-performance-run-top,http://www.champ-sys.com.au/media/catalog/product/cache/1/image/800x800/9df78eab33525d08d6e5fb8d27136e95/f/i/file_57_98.jpg
apex-winter-shield-pro-jacket,http://www.champ-sys.com.au/media/catalog/product/cache/1/image/800x800/9df78eab33525d08d6e5fb8d27136e95/c/s/cs-apex-winter-shield-pro-jacket-front.jpg
apex-winter-shield-pro-jacket,http://www.champ-sys.com.au/media/catalog/product/cache/1/image/800x800/9df78eab33525d08d6e5fb8d27136e95/a/p/apex-winter-shield-pro-jacket.jpg
apex-winter-shield-pro-jacket,http://www.champ-sys.com.au/media/catalog/product/cache/1/image/800x800/9df78eab33525d08d6e5fb8d27136e95/c/s/cs-apex-winter-shiled-pro-jacket-back.jpg
apex-winter-shield-pro-jacket,http://www.champ-sys.com.au/media/catalog/product/cache/1/image/800x800/9df78eab33525d08d6e5fb8d27136e95/m/a/matt_lucas_weatherguard_jacket.jpg
apex-men-s-marathon-running-singlet,http://www.champ-sys.com.au/media/catalog/product/cache/1/image/800x800/9df78eab33525d08d6e5fb8d27136e95/f/i/file_50_144.jpg
performance-sports-bra,http://www.champ-sys.com.au/media/catalog/product/cache/1/image/800x800/9df78eab33525d08d6e5fb8d27136e95/f/i/file_58_73.jpg
apex-men-s-run-top-v-neck-design,http://www.champ-sys.com.au/media/catalog/product/cache/1/image/800x800/9df78eab33525d08d6e5fb8d27136e95/f/i/file_50_142.jpg
apex-men-s-run-top-v-neck-design,http://www.champ-sys.com.au/media/catalog/product/cache/1/image/800x800/9df78eab33525d08d6e5fb8d27136e95/f/i/file_50_151.jpg
performance-ss-run-top,http://www.champ-sys.com.au/media/catalog/product/cache/1/image/800x800/9df78eab33525d08d6e5fb8d27136e95/f/i/file_46_133_2.jpg
casual-tech-jacket,http://www.champ-sys.com.au/media/catalog/product/cache/1/image/800x800/9df78eab33525d08d6e5fb8d27136e95/f/i/file_42_13.jpg
performance-run-singlet,http://www.champ-sys.com.au/media/catalog/product/cache/1/image/800x800/9df78eab33525d08d6e5fb8d27136e95/f/i/file_46_27.jpg
performance-run-singlet,http://www.champ-sys.com.au/media/catalog/product/cache/1/image/800x800/9df78eab33525d08d6e5fb8d27136e95/c/r/critztybee2.jpg
performance-run-singlet,http://www.champ-sys.com.au/media/catalog/product/cache/1/image/800x800/9df78eab33525d08d6e5fb8d27136e95/f/i/file_58_72.jpg
performance-run-singlet,http://www.champ-sys.com.au/media/catalog/product/cache/1/image/800x800/9df78eab33525d08d6e5fb8d27136e95/f/i/file_64_21.jpg
apex-men-s-run-top-crew-neck,http://www.champ-sys.com.au/media/catalog/product/cache/1/image/800x800/9df78eab33525d08d6e5fb8d27136e95/f/i/file_64_9.jpg
