windguard-vest,http://www.champ-sys.com.au/media/catalog/product/cache/1/image/800x800/9df78eab33525d08d6e5fb8d27136e95/f/i/file_33_11.jpg
windguard-vest,http://www.champ-sys.com.au/media/catalog/product/cache/1/image/800x800/9df78eab33525d08d6e5fb8d27136e95/f/i/file_30_28.jpg
windguard-vest,http://www.champ-sys.com.au/media/catalog/product/cache/1/image/800x800/9df78eab33525d08d6e5fb8d27136e95/f/i/file_64_30.jpg
windguard-vest,http://www.champ-sys.com.au/media/catalog/product/cache/1/image/800x800/9df78eab33525d08d6e5fb8d27136e95/w/i/windguard-vest.jpg
thermoshield-tech-fleece-jacket,http://www.champ-sys.com.au/media/catalog/product/cache/1/image/800x800/9df78eab33525d08d6e5fb8d27136e95/t/h/thermoshield-tech-fleece-jacket.jpg
thermoshield-tech-fleece-jacket,http://www.champ-sys.com.au/media/catalog/product/cache/1/image/800x800/9df78eab33525d08d6e5fb8d27136e95/f/i/file_64_28.jpg
thermoshield-tech-fleece-jacket,http://www.champ-sys.com.au/media/catalog/product/cache/1/image/800x800/9df78eab33525d08d6e5fb8d27136e95/f/i/file_29_66.jpg
thermoshield-tech-fleece-jacket,http://www.champ-sys.com.au/media/catalog/product/cache/1/image/800x800/9df78eab33525d08d6e5fb8d27136e95/f/i/file_29_77.jpg
repel-jacket,http://www.champ-sys.com.au/media/catalog/product/cache/1/image/800x800/9df78eab33525d08d6e5fb8d27136e95/r/e/repel.jpg
repel-jacket,http://www.champ-sys.com.au/media/catalog/product/cache/1/image/800x800/9df78eab33525d08d6e5fb8d27136e95/r/e/repel-jacket.jpg
repel-vest,http://www.champ-sys.com.au/media/catalog/product/cache/1/image/800x800/9df78eab33525d08d6e5fb8d27136e95/r/e/repel_vest_-_rjk018.jpg
repel-vest,http://www.champ-sys.com.au/media/catalog/product/cache/1/image/800x800/9df78eab33525d08d6e5fb8d27136e95/r/e/repel_vest_-_rjk018_1.jpg
repel-vest,http://www.champ-sys.com.au/media/catalog/product/cache/1/image/800x800/9df78eab33525d08d6e5fb8d27136e95/r/e/repel-vest.jpg
apex-winter-shield-pro-jacket,http://www.champ-sys.com.au/media/catalog/product/cache/1/image/800x800/9df78eab33525d08d6e5fb8d27136e95/c/s/cs-apex-winter-shield-pro-jacket-front.jpg
apex-winter-shield-pro-jacket,http://www.champ-sys.com.au/media/catalog/product/cache/1/image/800x800/9df78eab33525d08d6e5fb8d27136e95/a/p/apex-winter-shield-pro-jacket.jpg
apex-winter-shield-pro-jacket,http://www.champ-sys.com.au/media/catalog/product/cache/1/image/800x800/9df78eab33525d08d6e5fb8d27136e95/c/s/cs-apex-winter-shiled-pro-jacket-back.jpg
apex-winter-shield-pro-jacket,http://www.champ-sys.com.au/media/catalog/product/cache/1/image/800x800/9df78eab33525d08d6e5fb8d27136e95/m/a/matt_lucas_weatherguard_jacket.jpg
intermediate-wind-vest,http://www.champ-sys.com.au/media/catalog/product/cache/1/image/800x800/9df78eab33525d08d6e5fb8d27136e95/i/n/intermediate_wind_vest_-_mve024_ss-0011-14_.jpg
intermediate-wind-vest,http://www.champ-sys.com.au/media/catalog/product/cache/1/image/800x800/9df78eab33525d08d6e5fb8d27136e95/i/n/intermediate_wind_vest_-_mve024_ss-0011-_14_.jpg
intermediate-wind-vest,http://www.champ-sys.com.au/media/catalog/product/cache/1/image/800x800/9df78eab33525d08d6e5fb8d27136e95/i/n/intermediate-wind-vest.jpg
apexwintershieldjacket,http://www.champ-sys.com.au/media/catalog/product/cache/1/image/800x800/9df78eab33525d08d6e5fb8d27136e95/a/p/apexwintershieldfleesejacket-back.jpg
apexwintershieldjacket,http://www.champ-sys.com.au/media/catalog/product/cache/1/image/800x800/9df78eab33525d08d6e5fb8d27136e95/a/p/apexwintershieldfleesejacket-detail-03.jpg
apexwintershieldjacket,http://www.champ-sys.com.au/media/catalog/product/cache/1/image/800x800/9df78eab33525d08d6e5fb8d27136e95/a/p/apexwintershieldfleesejacket.jpg
apexwintershieldjacket,http://www.champ-sys.com.au/media/catalog/product/cache/1/image/800x800/9df78eab33525d08d6e5fb8d27136e95/a/p/apexwintershieldfleesejacket-detail-01.jpg
apexwintershieldjacket,http://www.champ-sys.com.au/media/catalog/product/cache/1/image/800x800/9df78eab33525d08d6e5fb8d27136e95/a/p/apexwintershieldfleesejacket-detail-02.jpg
apexwintershieldjacket,http://www.champ-sys.com.au/media/catalog/product/cache/1/image/800x800/9df78eab33525d08d6e5fb8d27136e95/a/p/apexwintershieldfleesejacket-detail-04.jpg
apexwintershieldjacket,http://www.champ-sys.com.au/media/catalog/product/cache/1/image/800x800/9df78eab33525d08d6e5fb8d27136e95/a/p/apexwintershieldfleesejacket-detail-05.jpg
clear-rain-vest,http://www.champ-sys.com.au/media/catalog/product/cache/1/image/800x800/9df78eab33525d08d6e5fb8d27136e95/f/i/file_29_43_1.jpg
clear-rain-vest,http://www.champ-sys.com.au/media/catalog/product/cache/1/image/800x800/9df78eab33525d08d6e5fb8d27136e95/c/l/clear-rain-vest.jpg
clear-rain-vest,http://www.champ-sys.com.au/media/catalog/product/cache/1/image/800x800/9df78eab33525d08d6e5fb8d27136e95/c/l/clear-rain-vest-back.jpg
clear-rain-vest,http://www.champ-sys.com.au/media/catalog/product/cache/1/image/800x800/9df78eab33525d08d6e5fb8d27136e95/f/i/file_52_26_1.jpg
thermoshield-winter-jacket,http://www.champ-sys.com.au/media/catalog/product/cache/1/image/800x800/9df78eab33525d08d6e5fb8d27136e95/f/i/file_46_89.jpg
thermoshield-winter-jacket,http://www.champ-sys.com.au/media/catalog/product/cache/1/image/800x800/9df78eab33525d08d6e5fb8d27136e95/t/h/thermoshield-winter-jacket.jpg
thermoshield-winter-jacket,http://www.champ-sys.com.au/media/catalog/product/cache/1/image/800x800/9df78eab33525d08d6e5fb8d27136e95/f/i/file_29_67.jpg
thermoshield-winter-jacket,http://www.champ-sys.com.au/media/catalog/product/cache/1/image/800x800/9df78eab33525d08d6e5fb8d27136e95/f/i/file_29_78.jpg
hybrid-jacket,http://www.champ-sys.com.au/media/catalog/product/cache/1/image/800x800/9df78eab33525d08d6e5fb8d27136e95/h/y/hybrid-jacket.jpg
hybrid-jacket,http://www.champ-sys.com.au/media/catalog/product/cache/1/image/800x800/9df78eab33525d08d6e5fb8d27136e95/h/y/hybrid-jacket-back.jpg
wind-guard-jacket,http://www.champ-sys.com.au/media/catalog/product/cache/1/image/800x800/9df78eab33525d08d6e5fb8d27136e95/w/i/wind-guard-jacket.jpg
wind-guard-jacket,http://www.champ-sys.com.au/media/catalog/product/cache/1/image/800x800/9df78eab33525d08d6e5fb8d27136e95/f/i/file_29_100.jpg
wind-guard-jacket,http://www.champ-sys.com.au/media/catalog/product/cache/1/image/800x800/9df78eab33525d08d6e5fb8d27136e95/f/i/file_3_42.jpg
wind-guard-jacket,http://www.champ-sys.com.au/media/catalog/product/cache/1/image/800x800/9df78eab33525d08d6e5fb8d27136e95/w/i/windguardjacket1.jpg
wind-guard-jacket,http://www.champ-sys.com.au/media/catalog/product/cache/1/image/800x800/9df78eab33525d08d6e5fb8d27136e95/f/i/file_64_29.jpg
thermoshield-vest,http://www.champ-sys.com.au/media/catalog/product/cache/1/image/800x800/9df78eab33525d08d6e5fb8d27136e95/f/i/file_46_17.jpg
thermoshield-vest,http://www.champ-sys.com.au/media/catalog/product/cache/1/image/800x800/9df78eab33525d08d6e5fb8d27136e95/f/i/file_29_65.jpg
thermoshield-vest,http://www.champ-sys.com.au/media/catalog/product/cache/1/image/800x800/9df78eab33525d08d6e5fb8d27136e95/f/i/file_29_79.jpg
thermoshield-vest,http://www.champ-sys.com.au/media/catalog/product/cache/1/image/800x800/9df78eab33525d08d6e5fb8d27136e95/f/i/file_2_14.jpg
thermoshield-vest,http://www.champ-sys.com.au/media/catalog/product/cache/1/image/800x800/9df78eab33525d08d6e5fb8d27136e95/f/i/file_29_101.jpg
thermoshield-vest,http://www.champ-sys.com.au/media/catalog/product/cache/1/image/800x800/9df78eab33525d08d6e5fb8d27136e95/t/h/thermoshield-vest.jpg
clear-rain-jacket,http://www.champ-sys.com.au/media/catalog/product/cache/1/image/800x800/9df78eab33525d08d6e5fb8d27136e95/c/l/clear-rain-jacket.jpg
clear-rain-jacket,http://www.champ-sys.com.au/media/catalog/product/cache/1/image/800x800/9df78eab33525d08d6e5fb8d27136e95/c/l/clear-rain-jacket-back.jpg
clear-rain-jacket,http://www.champ-sys.com.au/media/catalog/product/cache/1/image/800x800/9df78eab33525d08d6e5fb8d27136e95/f/i/file_29_39.jpg
clear-rain-jacket,http://www.champ-sys.com.au/media/catalog/product/cache/1/image/800x800/9df78eab33525d08d6e5fb8d27136e95/f/i/file_52_27.jpg
clear-rain-jacket,http://www.champ-sys.com.au/media/catalog/product/cache/1/image/800x800/9df78eab33525d08d6e5fb8d27136e95/f/i/file_52_28.jpg
