distance-long-sleeve-skinsuit,http://www.champ-sys.com.au/media/catalog/product/cache/1/image/800x800/9df78eab33525d08d6e5fb8d27136e95/f/i/file_58_74.jpg
distance-long-sleeve-skinsuit,http://www.champ-sys.com.au/media/catalog/product/cache/1/image/800x800/9df78eab33525d08d6e5fb8d27136e95/t/e/techbibcuff_3.jpg
distance-long-sleeve-skinsuit,http://www.champ-sys.com.au/media/catalog/product/cache/1/image/800x800/9df78eab33525d08d6e5fb8d27136e95/f/i/file_29_114_2_1.jpg
apex-short-sleeve-summer-race-suit,http://www.champ-sys.com.au/media/catalog/product/cache/1/image/800x800/9df78eab33525d08d6e5fb8d27136e95/a/p/apex_race_suit_update_detail122_1.jpg
apex-short-sleeve-summer-race-suit,http://www.champ-sys.com.au/media/catalog/product/cache/1/image/800x800/9df78eab33525d08d6e5fb8d27136e95/a/p/apex_race_suit_update_-_back_1.jpg
apex-short-sleeve-summer-race-suit,http://www.champ-sys.com.au/media/catalog/product/cache/1/image/800x800/9df78eab33525d08d6e5fb8d27136e95/a/p/apex_race_suit_update_-_front_1.jpg
cyclocross-skinsuit,http://www.champ-sys.com.au/media/catalog/product/cache/1/image/800x800/9df78eab33525d08d6e5fb8d27136e95/f/i/file_18.jpg
cyclocross-skinsuit,http://www.champ-sys.com.au/media/catalog/product/cache/1/image/800x800/9df78eab33525d08d6e5fb8d27136e95/f/i/file_29_93.jpg
cyclocross-skinsuit,http://www.champ-sys.com.au/media/catalog/product/cache/1/image/800x800/9df78eab33525d08d6e5fb8d27136e95/w/o/women_cross2.jpg
cyclocross-skinsuit,http://www.champ-sys.com.au/media/catalog/product/cache/1/image/800x800/9df78eab33525d08d6e5fb8d27136e95/f/i/file_29_113.jpg
cyclocross-skinsuit,http://www.champ-sys.com.au/media/catalog/product/cache/1/image/800x800/9df78eab33525d08d6e5fb8d27136e95/f/i/file_30_6.jpg
short-sleeve-skinsuit,http://www.champ-sys.com.au/media/catalog/product/cache/1/image/800x800/9df78eab33525d08d6e5fb8d27136e95/f/i/file_46_95.jpg
short-sleeve-skinsuit,http://www.champ-sys.com.au/media/catalog/product/cache/1/image/800x800/9df78eab33525d08d6e5fb8d27136e95/t/e/techbibcuff.jpg
short-sleeve-skinsuit,http://www.champ-sys.com.au/media/catalog/product/cache/1/image/800x800/9df78eab33525d08d6e5fb8d27136e95/f/i/file_46_96.jpg
short-sleeve-skinsuit,http://www.champ-sys.com.au/media/catalog/product/cache/1/image/800x800/9df78eab33525d08d6e5fb8d27136e95/f/i/file_30_7.jpg
short-sleeve-skinsuit,http://www.champ-sys.com.au/media/catalog/product/cache/1/image/800x800/9df78eab33525d08d6e5fb8d27136e95/f/i/file_29_114.jpg
apex-short-sleeve-race-suit,http://www.champ-sys.com.au/media/catalog/product/cache/1/image/800x800/9df78eab33525d08d6e5fb8d27136e95/a/p/apex_race_suit_update_-_front.jpg
apex-short-sleeve-race-suit,http://www.champ-sys.com.au/media/catalog/product/cache/1/image/800x800/9df78eab33525d08d6e5fb8d27136e95/a/p/apex_race_suit_update_-_back.jpg
apex-short-sleeve-race-suit,http://www.champ-sys.com.au/media/catalog/product/cache/1/image/800x800/9df78eab33525d08d6e5fb8d27136e95/a/p/apex_race_suit_update_detail122.jpg
distance-short-sleeve-skinsuit,http://www.champ-sys.com.au/media/catalog/product/cache/1/image/800x800/9df78eab33525d08d6e5fb8d27136e95/f/i/file_46_62_2.jpg
distance-short-sleeve-skinsuit,http://www.champ-sys.com.au/media/catalog/product/cache/1/image/800x800/9df78eab33525d08d6e5fb8d27136e95/t/e/techbibcuff_2.jpg
distance-short-sleeve-skinsuit,http://www.champ-sys.com.au/media/catalog/product/cache/1/image/800x800/9df78eab33525d08d6e5fb8d27136e95/f/i/file_46_96_2.jpg
distance-short-sleeve-skinsuit,http://www.champ-sys.com.au/media/catalog/product/cache/1/image/800x800/9df78eab33525d08d6e5fb8d27136e95/f/i/file_29_114_2.jpg
long-sleeve-skinsuit,http://www.champ-sys.com.au/media/catalog/product/cache/1/image/800x800/9df78eab33525d08d6e5fb8d27136e95/f/i/file_64_15.jpg
long-sleeve-skinsuit,http://www.champ-sys.com.au/media/catalog/product/cache/1/image/800x800/9df78eab33525d08d6e5fb8d27136e95/t/e/techbibcuff_1.jpg
long-sleeve-skinsuit,http://www.champ-sys.com.au/media/catalog/product/cache/1/image/800x800/9df78eab33525d08d6e5fb8d27136e95/f/i/file_30_9.jpg
cx-leggera-skinsuit,http://www.champ-sys.com.au/media/catalog/product/cache/1/image/800x800/9df78eab33525d08d6e5fb8d27136e95/c/s/cs_leggera_skinsuit_msu208_-_performance_chamois_ss-0050-14_.jpg
cx-leggera-skinsuit,http://www.champ-sys.com.au/media/catalog/product/cache/1/image/800x800/9df78eab33525d08d6e5fb8d27136e95/c/s/cs_leggera_skinsuit_msu208_-_performance_chamois_ss-0050-_14_.jpg
speed-suit-rear-zip,http://www.champ-sys.com.au/media/catalog/product/cache/1/image/800x800/9df78eab33525d08d6e5fb8d27136e95/l/a/lampre-merida_carbon_speed_suit_msp022.jpg
speed-suit-rear-zip,http://www.champ-sys.com.au/media/catalog/product/cache/1/image/800x800/9df78eab33525d08d6e5fb8d27136e95/r/e/rear_zip_speedsuit_1.jpg
speed-suit-rear-zip,http://www.champ-sys.com.au/media/catalog/product/cache/1/image/800x800/9df78eab33525d08d6e5fb8d27136e95/r/e/rear_zip_speeedsuit_2.jpg
short-sleeve-speed-suit,http://www.champ-sys.com.au/media/catalog/product/cache/1/image/800x800/9df78eab33525d08d6e5fb8d27136e95/c/s/cs-4613-12_skinsuit.jpg
short-sleeve-speed-suit,http://www.champ-sys.com.au/media/catalog/product/cache/1/image/800x800/9df78eab33525d08d6e5fb8d27136e95/f/i/file_46_97.jpg
short-sleeve-speed-suit,http://www.champ-sys.com.au/media/catalog/product/cache/1/image/800x800/9df78eab33525d08d6e5fb8d27136e95/f/i/file_42_24.jpg
short-sleeve-speed-suit,http://www.champ-sys.com.au/media/catalog/product/cache/1/image/800x800/9df78eab33525d08d6e5fb8d27136e95/f/i/file_46_141.jpg
short-sleeve-speed-suit,http://www.champ-sys.com.au/media/catalog/product/cache/1/image/800x800/9df78eab33525d08d6e5fb8d27136e95/f/i/file_30_11.jpg
short-sleeve-speed-suit,http://www.champ-sys.com.au/media/catalog/product/cache/1/image/800x800/9df78eab33525d08d6e5fb8d27136e95/f/i/file_31_4.jpg
long-sleeve-speed-suit,http://www.champ-sys.com.au/media/catalog/product/cache/1/image/800x800/9df78eab33525d08d6e5fb8d27136e95/f/i/file_46_61.jpg
long-sleeve-speed-suit,http://www.champ-sys.com.au/media/catalog/product/cache/1/image/800x800/9df78eab33525d08d6e5fb8d27136e95/f/i/file_29_103.jpg
long-sleeve-speed-suit,http://www.champ-sys.com.au/media/catalog/product/cache/1/image/800x800/9df78eab33525d08d6e5fb8d27136e95/f/i/file_31_3.jpg
long-sleeve-speed-suit,http://www.champ-sys.com.au/media/catalog/product/cache/1/image/800x800/9df78eab33525d08d6e5fb8d27136e95/f/i/file_30_10.jpg
long-sleeve-speed-suit,http://www.champ-sys.com.au/media/catalog/product/cache/1/image/800x800/9df78eab33525d08d6e5fb8d27136e95/f/i/file_30_12.jpg
long-sleeve-speed-suit,http://www.champ-sys.com.au/media/catalog/product/cache/1/image/800x800/9df78eab33525d08d6e5fb8d27136e95/f/i/file_30_14.jpg
long-sleeve-speed-suit,http://www.champ-sys.com.au/media/catalog/product/cache/1/image/800x800/9df78eab33525d08d6e5fb8d27136e95/f/i/file_42_23.jpg
long-sleeve-speed-suit,http://www.champ-sys.com.au/media/catalog/product/cache/1/image/800x800/9df78eab33525d08d6e5fb8d27136e95/f/i/file_52_29.jpg
