performance-sports-bra,http://www.champ-sys.com.au/media/catalog/product/cache/1/image/800x800/9df78eab33525d08d6e5fb8d27136e95/f/i/file_58_73.jpg
apex-men-s-run-top-v-neck-design,http://www.champ-sys.com.au/media/catalog/product/cache/1/image/800x800/9df78eab33525d08d6e5fb8d27136e95/f/i/file_50_142.jpg
apex-men-s-run-top-v-neck-design,http://www.champ-sys.com.au/media/catalog/product/cache/1/image/800x800/9df78eab33525d08d6e5fb8d27136e95/f/i/file_50_151.jpg
apex-run-singlet,http://www.champ-sys.com.au/media/catalog/product/cache/1/image/800x800/9df78eab33525d08d6e5fb8d27136e95/f/i/file_50_148.jpg
performance-ss-run-top,http://www.champ-sys.com.au/media/catalog/product/cache/1/image/800x800/9df78eab33525d08d6e5fb8d27136e95/f/i/file_46_133_2.jpg
apex-windguard-run-jacket,http://www.champ-sys.com.au/media/catalog/product/cache/1/image/800x800/9df78eab33525d08d6e5fb8d27136e95/f/i/file_58_84.jpg
apex-windguard-run-jacket,http://www.champ-sys.com.au/media/catalog/product/cache/1/image/800x800/9df78eab33525d08d6e5fb8d27136e95/f/i/file_60_12.jpg
apex-men-s-run-top-crew-neck,http://www.champ-sys.com.au/media/catalog/product/cache/1/image/800x800/9df78eab33525d08d6e5fb8d27136e95/f/i/file_64_9.jpg
custom-apex-women-s-run-top-v-neck-design,http://www.champ-sys.com.au/media/catalog/product/cache/1/image/800x800/9df78eab33525d08d6e5fb8d27136e95/f/i/file_54_22.jpg
custom-apex-women-s-run-top-v-neck-design,http://www.champ-sys.com.au/media/catalog/product/cache/1/image/800x800/9df78eab33525d08d6e5fb8d27136e95/f/i/file_50_147.jpg
custom-women-s-specific-performance-run-top,http://www.champ-sys.com.au/media/catalog/product/cache/1/image/800x800/9df78eab33525d08d6e5fb8d27136e95/f/i/file_57_98.jpg
