apex-link-tri-suit,http://www.champ-sys.com.au/media/catalog/product/cache/1/image/800x800/9df78eab33525d08d6e5fb8d27136e95/a/p/apex_link_tri_suit_2.jpg
apex-link-tri-suit,http://www.champ-sys.com.au/media/catalog/product/cache/1/image/800x800/9df78eab33525d08d6e5fb8d27136e95/f/i/file_56_24_2.jpg
apex-link-tri-suit,http://www.champ-sys.com.au/media/catalog/product/cache/1/image/800x800/9df78eab33525d08d6e5fb8d27136e95/f/i/file_57_3_2.jpg
apex-link-tri-suit,http://www.champ-sys.com.au/media/catalog/product/cache/1/image/800x800/9df78eab33525d08d6e5fb8d27136e95/f/i/file_58_2_2.jpg
performance-link-tri-suit,http://www.champ-sys.com.au/media/catalog/product/cache/1/image/800x800/9df78eab33525d08d6e5fb8d27136e95/p/e/performance_link_tri_suit.jpg
performance-triathlon-speedsuit,http://www.champ-sys.com.au/media/catalog/product/cache/1/image/800x800/9df78eab33525d08d6e5fb8d27136e95/p/e/performance_tri_speedsuit_front.jpg
performance-triathlon-speedsuit,http://www.champ-sys.com.au/media/catalog/product/cache/1/image/800x800/9df78eab33525d08d6e5fb8d27136e95/p/e/performance_tri_speedsuit_rear.jpg
performance-triathlon-speedsuit,http://www.champ-sys.com.au/media/catalog/product/cache/1/image/800x800/9df78eab33525d08d6e5fb8d27136e95/p/e/performance_tri_speedsuit_3d.jpg
cs-apex-blade-tri-suit,http://www.champ-sys.com.au/media/catalog/product/cache/1/image/800x800/9df78eab33525d08d6e5fb8d27136e95/f/i/file_56_24.jpg
cs-apex-blade-tri-suit,http://www.champ-sys.com.au/media/catalog/product/cache/1/image/800x800/9df78eab33525d08d6e5fb8d27136e95/f/i/file_57_3.jpg
cs-apex-blade-tri-suit,http://www.champ-sys.com.au/media/catalog/product/cache/1/image/800x800/9df78eab33525d08d6e5fb8d27136e95/f/i/file_58_2.jpg
cs-apex-blade-tri-suit,http://www.champ-sys.com.au/media/catalog/product/cache/1/image/800x800/9df78eab33525d08d6e5fb8d27136e95/f/i/file_64_7.jpg
elite-women-specific-tri-swimsuit,http://www.champ-sys.com.au/media/catalog/product/cache/1/image/800x800/9df78eab33525d08d6e5fb8d27136e95/a/p/apex_elite_swimsuit.jpg
elite-tri-suit,http://www.champ-sys.com.au/media/catalog/product/cache/1/image/800x800/9df78eab33525d08d6e5fb8d27136e95/a/p/apex_elite_tri_suit_1.jpg
elite-tri-suit,http://www.champ-sys.com.au/media/catalog/product/cache/1/image/800x800/9df78eab33525d08d6e5fb8d27136e95/f/i/file_56_23.jpg
elite-tri-suit,http://www.champ-sys.com.au/media/catalog/product/cache/1/image/800x800/9df78eab33525d08d6e5fb8d27136e95/f/i/file_57_2.jpg
elite-women-specific-tri-suit-racer-back,http://www.champ-sys.com.au/media/catalog/product/cache/1/image/800x800/9df78eab33525d08d6e5fb8d27136e95/a/p/apex_women_elite_specifice_trisuit_2.jpg
elite-women-specific-tri-suit-racer-back,http://www.champ-sys.com.au/media/catalog/product/cache/1/image/800x800/9df78eab33525d08d6e5fb8d27136e95/f/i/file_56_22.jpg
elite-women-specific-tri-suit-racer-back,http://www.champ-sys.com.au/media/catalog/product/cache/1/image/800x800/9df78eab33525d08d6e5fb8d27136e95/f/i/file_57_1.jpg
performance-classic-tri-suit,http://www.champ-sys.com.au/media/catalog/product/cache/1/image/800x800/9df78eab33525d08d6e5fb8d27136e95/f/i/file_64_19.jpg
apex-triathlon-speedsuit,http://www.champ-sys.com.au/media/catalog/product/cache/1/image/800x800/9df78eab33525d08d6e5fb8d27136e95/f/i/file_69_52.jpg
apex-triathlon-speedsuit,http://www.champ-sys.com.au/media/catalog/product/cache/1/image/800x800/9df78eab33525d08d6e5fb8d27136e95/f/i/file_71_7.jpg
apex-triathlon-speedsuit,http://www.champ-sys.com.au/media/catalog/product/cache/1/image/800x800/9df78eab33525d08d6e5fb8d27136e95/f/i/file_70_17.jpg
performance-blade-tri-suit,http://www.champ-sys.com.au/media/catalog/product/cache/1/image/800x800/9df78eab33525d08d6e5fb8d27136e95/f/i/file_56_11.jpg
